# name	size	ref	mode
pt_toegye	1024x1024	design/ref/ref_cast.png	same
pt_child	1024x1024	design/ref/ref_cast.png	same
pt_doctor	1024x1024	design/ref/ref_cast.png	same
pt_villager	1024x1024	design/ref/ref_cast.png	same
s00	1024x1536	design/ref/ref_cast.png	scene
s01	1024x1536	design/ref/ref_cast.png	scene
s02	1024x1536	design/ref/ref_cast.png	scene
s03	1024x1536	design/ref/ref_cast.png	scene
s04	1024x1536	design/ref/ref_cast.png	scene
s05	1024x1536	design/ref/ref_cast.png	scene
s06	1024x1536	design/ref/ref_cast.png	scene
s07	1024x1536	design/ref/ref_cast.png	scene
s08	1024x1536	design/ref/ref_cast.png	scene
s09	1024x1536	design/ref/ref_cast.png	scene
s10	1024x1536	design/ref/ref_cast.png	scene
s11	1024x1536	design/ref/ref_cast.png	scene
s12	1024x1536	design/ref/ref_cast.png	scene
